Năm sản xuất,Tình trạng,Xuất xứ,Kiểu dáng,Hộp số,Động cơ,Màu ngoại thất,Màu nội thất,Số chỗ ngồi,Số cửa,Dẫn động,Số Km đã đi,Thông tin mô tả,Link sản phẩm
2022,Xe đã dùng,Lắp ráp trong nước,SUV,Số tự động,Xăng 1.6 L,Đen,Đen,7 chỗ,5 cửa,FWD - Dẫn động cầu trước,"10,000 Km","Peugeot 5008 Bản GT - Line Sản xuất 2022 Xe chạy 1 vạn km ( Full lịch sử hãng ) 1 chủ biển số tỉnh.................

Quý khách hàng quan tâm vui lòng liên hệ em theo số điện thoại

Để được tư vấn và báo giá cụ thể

Xe trước khi mua quý khách đc check test theo yêu cầu và có hỗ trợ thủ tục trả góp

Giá cả hoàn toàn có thể thương lượng được chỉ cần quý khách thiện chí ạ

Xin cảm ơn.",https://bonbanh.com/xe-peugeot-5008-gt-1.6-at-2022-5568690
2024,Xe mới,Nhập khẩu,SUV,Số tự động,Xăng 3.4 L,Đen,Đen,7 chỗ,5 cửa,AWD - 4 bánh toàn thời gian,N/A,"Bán ""Toyota Land Cruiser 3.5L Turbo sx 2024""
Xe mới 100%, giao toàn quốc
Xe được trang bị động cơ xăng 3.5L V6 Turbo vượt trội với công suất cực đại đạt 409 hp tại vòng tua 5.200 vòng/phút, momen xoắn cực đại đạt 650 Nm tại vòng tua 2.000 – 3.600 vòng/phút và hộp số tự động 10 cấp.
Land Cruiser thế hệ mới được trang bị thêm Lazang 20in, HUD, với 3 chế độ lái (Eco / Normal / Sport) và Chế độ lựa chọn tự động trong Hệ thống thích nghi đa địa hình – Auto Multi Terrain Select giúp người lái dễ dàng chinh phục các điều kiện địa hình khác nhau.
Kích thước tổng thể bên ngoài:
(D x R x C): 4965 x 1980 x 1945.
Chiều dài cơ sở (mm): 2850.
Xe sẵn màu trắng, màu đen giao ngay giao ngay


Trân trọng!",https://bonbanh.com/xe-toyota-land_cruiser-3.5-v6-2024-4830310
2024,Xe mới,Nhập khẩu,Sedan,Số tự động,Xăng 2.5 L,Đen,Kem,5 chỗ,4 cửa,FWD - Dẫn động cầu trước,N/A,"Chương trình Khuyến mãi Đặc biệt:
+ hoặc quy đổi QUÀ TẶNG (phụ kiện, bảo hiểm vật chất có giá trị cao hơn TÙY THEO NHU CẦU KHÁCH HÀNG
+ Gói quà tặng tri ân

- Hỗ trợ trả góp lãi suất ưu đãi, thủ tục nhanh chóng vay tối đa 85%, thời gian tối đa 8 năm
- Liên hệ ngay để biết thêm thông tin
GIAO SỚM TOYOTA CAMRY 2.5Q cao cấp nhập khẩu nguyên chiếc từ Thái Lan.

--
Một số trang thiết bị tiên tiến gồm có:
✓ Đèn bi-LED projecter hiện đại.
✓ Nội thất vô cùng rộng rãi, điều hòa 3 vùng độc lập, sạc không dây.
✓ Cửa sổ trời, lẫy chuyển số trên vo-lang, 9 loa JBL.",https://bonbanh.com/xe-toyota-camry-2.5q-2024-5461309
2024,Xe mới,Nhập khẩu,SUV,Số tự động,Dầu 2.0 L,Bạc,Đen,7 chỗ,5 cửa,RFD - Dẫn động cầu sau,N/A,"Ford Everest Titanium 2.0L 4x2 AT

-Xe sẵn,giao ngay
-Ưu đãi tiền mặt và phụ kiện
- Liên hệ ngay nhận giá tốt nhất thị trường.

- Trang bị: Hệ thống đèn chiếu sáng trước LED, tự động bật đèn, màn hình cảm ứng đặt dọc 12 inch, hỗ trợ SYNC 4; đồng hồ TFT 12 inch; vô-lăng và ghế bọc da, ghế lái chỉnh điện 8 hướng, hàng ghế thứ 3 gập điện tiện lợi; sạc không dây; điều khiển âm thanh trên vô-lăng; chìa khóa thông minh; khởi động nút bấm; điều hòa tự động hai vùng; cửa sổ trời toàn cảnh...",https://bonbanh.com/xe-ford-everest-titanium-2.0l-4x2-at-2024-5014051
2009,Xe đã dùng,Nhập khẩu,Hatchback,Số tự động,Xăng 1.3 L,Đỏ,Nhiều màu,5 chỗ,5 cửa,FWD - Dẫn động cầu trước,"130,000 Km","Bán Toyota Yaris 1.3 AT SX 2009 nhập Nhật, Biển Hà nội
ODO 13 Vạn Nguyên Zin từ mới,Full lịch sử hãng
✓ Full đồ chơi: Màn androi, Cam lùi , dán kính, Trải Sàn è mưa, Ghế ra
——
NÓI KHÔNG: Với xe tai nạn, ngập nước!
———",https://bonbanh.com/xe-toyota-yaris-1.3-at-2009-5584252
